"state","cluster","period","scale","contrast","log_rr","se","var_log_rr","rr","rr_low_95","rr_high_95","seasonal_mean_temp_fall","seasonal_mean_temp_spring","seasonal_mean_temp_summer","seasonal_mean_temp_winter","seasonal_sd_temp_fall","seasonal_sd_temp_spring","seasonal_sd_temp_summer","seasonal_sd_temp_winter"
"Alabama","cluster_1","2018-2021","Heat effect","Relative scale",-0.140425989814844,0.136263483425068,0.0185677369151339,0.868987976513932,0.665309843123987,1.13502018815773,20.510989010989,18.7191836734694,27.3579514824798,10.5987517337032,5.63052629470255,3.99539414406762,1.57033459779525,4.01238534062135
"Alabama","cluster_1","2018-2021","Cold effect","Relative scale",-0.0274165121006999,0.136616968552125,0.0186641960963724,0.972955909207657,0.744393288334632,1.27169765780659,20.510989010989,18.7191836734694,27.3579514824798,10.5987517337032,5.63052629470255,3.99539414406762,1.57033459779525,4.01238534062135
"Arizona","cluster_1","2018-2021","Heat effect","Relative scale",0.10773304737836,0.0997838900974096,0.00995682472297193,1.11375038711226,0.915904316977177,1.35433352785869,25.1581043956044,22.3527891156463,34.4923180592992,12.7797503467406,6.62756588349117,5.41489787625228,2.75558214226555,2.6237728123059
"Arizona","cluster_1","2018-2021","Cold effect","Relative scale",0.0233064181275616,0.173656863396085,0.0301567062045664,1.02358013500748,0.728286303449159,1.43860496595905,25.1581043956044,22.3527891156463,34.4923180592992,12.7797503467406,6.62756588349117,5.41489787625228,2.75558214226555,2.6237728123059
"Texas","cluster_1","2018-2021","Heat effect","Relative scale",0.0370103370770586,0.0513045855273187,0.00263216049612996,1.03770374760632,0.938430339981924,1.1474789570603,22.343956043956,20.5625850340136,29.2427223719677,11.7615811373093,5.65829528193375,3.7129939538153,2.16069446353579,4.03038481006364
"Texas","cluster_1","2018-2021","Cold effect","Relative scale",0.160241444346141,0.0632744061688766,0.00400365047602397,1.17379424276463,1.03688767721461,1.3287774120805,22.343956043956,20.5625850340136,29.2427223719677,11.7615811373093,5.65829528193375,3.7129939538153,2.16069446353579,4.03038481006364
"Alabama","cluster_1","2022-2025","Heat effect","Relative scale",0.133330939091085,0.128983864375632,0.0166368372692715,1.14262807606403,0.887384031338238,1.47128962670295,20.510989010989,18.7191836734694,27.3579514824798,10.5987517337032,5.63052629470255,3.99539414406762,1.57033459779525,4.01238534062135
"Alabama","cluster_1","2022-2025","Cold effect","Relative scale",0.270143427178219,0.120515324704119,0.0145239434885392,1.3101523487125,1.0345156961269,1.65922970841646,20.510989010989,18.7191836734694,27.3579514824798,10.5987517337032,5.63052629470255,3.99539414406762,1.57033459779525,4.01238534062135
"Arizona","cluster_1","2022-2025","Heat effect","Relative scale",-0.125134627342299,0.129819530995546,0.0168531106279037,0.882378102369071,0.684148070058501,1.13804474442772,25.1581043956044,22.3527891156463,34.4923180592992,12.7797503467406,6.62756588349117,5.41489787625228,2.75558214226555,2.6237728123059
"Arizona","cluster_1","2022-2025","Cold effect","Relative scale",0.118793259024006,0.176430272162575,0.0311276409353602,1.12613707554201,0.796912753820184,1.59137208788664,25.1581043956044,22.3527891156463,34.4923180592992,12.7797503467406,6.62756588349117,5.41489787625228,2.75558214226555,2.6237728123059
"Louisiana","cluster_1","2022-2025","Heat effect","Relative scale",-0.0447080655008038,0.156225084483223,0.0244062770217901,0.956276611220958,0.704047656595227,1.29886797946405,21.7254120879121,20.1538775510204,27.7180592991914,12.5997226074896,5.00083288356522,3.68622018055839,1.60701608193776,4.09646778843271
"Louisiana","cluster_1","2022-2025","Cold effect","Relative scale",0.00968439783306931,0.129344874147882,0.0167300964683314,1.00973144336032,0.783619619563983,1.30108736720734,21.7254120879121,20.1538775510204,27.7180592991914,12.5997226074896,5.00083288356522,3.68622018055839,1.60701608193776,4.09646778843271
"Mississippi","cluster_1","2022-2025","Heat effect","Relative scale",-0.12420966772537,0.157436947939852,0.0247863925766158,0.883194644056452,0.648699243016614,1.20245674353288,19.7857142857143,18.0296598639456,26.8894878706199,9.87073509015257,5.68249032366193,4.04149478814442,1.54653039916972,4.38348348754245
"Mississippi","cluster_1","2022-2025","Cold effect","Relative scale",-0.00806748293009981,0.125703837198567,0.0158014546864438,0.991964971875474,0.775345142317742,1.26910514004957,19.7857142857143,18.0296598639456,26.8894878706199,9.87073509015257,5.68249032366193,4.04149478814442,1.54653039916972,4.38348348754245
"Texas","cluster_1","2022-2025","Heat effect","Relative scale",-0.0550321360722145,0.0639804471935933,0.00409349762309218,0.946454732127144,0.834907939277615,1.07290458962567,22.343956043956,20.5625850340136,29.2427223719677,11.7615811373093,5.65829528193375,3.7129939538153,2.16069446353579,4.03038481006364
"Texas","cluster_1","2022-2025","Cold effect","Relative scale",0.149993802610451,0.0628794374917092,0.00395382365927377,1.1618270424112,1.02711110089216,1.31421233331571,22.343956043956,20.5625850340136,29.2427223719677,11.7615811373093,5.65829528193375,3.7129939538153,2.16069446353579,4.03038481006364
"Arkansas","cluster_2","2018-2021","Heat effect","Relative scale",0.0483552514821249,0.145924635038546,0.0212939991111328,1.04954344096718,0.788473064815625,1.39705651801158,18.5107142857143,16.372380952381,27.027358490566,6.68627450980392,6.31265464590158,4.52159664404153,1.98168300033027,4.23847416547974
"Arkansas","cluster_2","2018-2021","Cold effect","Relative scale",-0.0024109104707457,0.168257257210571,0.0283105046040242,0.997591993439745,0.717347329909385,1.38731928576467,18.5107142857143,16.372380952381,27.027358490566,6.68627450980392,6.31265464590158,4.52159664404153,1.98168300033027,4.23847416547974
"Georgia","cluster_2","2018-2021","Heat effect","Relative scale",0.0744045061164279,0.0805905756570495,0.00649484088473462,1.0772424685435,0.919842313341425,1.26157638021481,17.8773351648352,16.1802721088435,25.1040431266846,7.83398058252427,5.50442501193492,4.1629030845853,1.70665621358214,3.79743027015403
"Georgia","cluster_2","2018-2021","Cold effect","Relative scale",0.169858777652507,0.0922354464375078,0.00850737757952637,1.18513747160592,0.989136738696322,1.41997640129682,17.8773351648352,16.1802721088435,25.1040431266846,7.83398058252427,5.50442501193492,4.1629030845853,1.70665621358214,3.79743027015403
"Maryland","cluster_2","2018-2021","Heat effect","Relative scale",-0.404286800484612,0.132789776938086,0.0176331248592666,0.667452668067148,0.514502552144875,0.865871436891359,15.3850274725275,12.1299319727891,24.2144204851752,2.9253814147018,5.97648664589177,5.17034872909112,2.17227471455673,3.25611311799978
"Maryland","cluster_2","2018-2021","Cold effect","Relative scale",-0.013291034673176,0.121690399477844,0.0148085533250773,0.986796901111196,0.777396923767635,1.25260094846184,15.3850274725275,12.1299319727891,24.2144204851752,2.9253814147018,5.97648664589177,5.17034872909112,2.17227471455673,3.25611311799978
"New Jersey","cluster_2","2018-2021","Heat effect","Relative scale",0.0932586901222426,0.145093174173174,0.0210520291916471,1.09774567450309,0.826030210844953,1.45883958004101,14.9998626373626,11.0963265306122,24.028167115903,2.2502080443828,5.92682359650553,5.22549113184221,2.35719147139905,3.27202290790799
"New Jersey","cluster_2","2018-2021","Cold effect","Relative scale",-0.0258509648694934,0.14359528546516,0.0206196060078208,0.974480310587231,0.735431612388042,1.29123070007648,14.9998626373626,11.0963265306122,24.028167115903,2.2502080443828,5.92682359650553,5.22549113184221,2.35719147139905,3.27202290790799
"North Carolina","cluster_2","2018-2021","Heat effect","Relative scale",0.00112491006201587,0.067524514392964,0.0045595600440056,1.00112554301065,0.877022055478293,1.14279036269138,17.3865384615385,15.8899319727891,25.3702156334232,7.06421636615811,5.46029486380499,4.57137702744358,2.02038697514785,3.67444909144158
"North Carolina","cluster_2","2018-2021","Cold effect","Relative scale",0.0550208549284442,0.0814363793728979,0.00663188388536655,1.05656264898417,0.900689724467703,1.23941086580974,17.3865384615385,15.8899319727891,25.3702156334232,7.06421636615811,5.46029486380499,4.57137702744358,2.02038697514785,3.67444909144158
"Oklahoma","cluster_2","2018-2021","Heat effect","Relative scale",-0.0816384713892624,0.120137838366997,0.0144331002074946,0.921605085081419,0.728251637511304,1.16629457332974,18.1679945054945,15.7179591836735,27.4983827493261,5.06726768377254,6.79418406958175,4.87907702099598,2.56900817362091,4.38749707424432
"Oklahoma","cluster_2","2018-2021","Cold effect","Relative scale",0.122214486637479,0.124712545495784,0.0155532190040381,1.12999644492754,0.884951796637151,1.44289437051952,18.1679945054945,15.7179591836735,27.4983827493261,5.06726768377254,6.79418406958175,4.87907702099598,2.56900817362091,4.38749707424432
"Pennsylvania","cluster_2","2018-2021","Heat effect","Relative scale",0.0473904932763213,0.0810426622010337,0.00656791309663086,1.04853137359881,0.894533321994058,1.22904090254595,14.1256868131868,10.7590476190476,23.5156334231806,1.31622746185853,6.13254444471353,5.4002929112178,2.33877238761212,3.25567073749099
"Pennsylvania","cluster_2","2018-2021","Cold effect","Relative scale",-0.0245703889003852,0.0797243774768675,0.00635597636407407,0.975729006009372,0.834577083925936,1.14075393574133,14.1256868131868,10.7590476190476,23.5156334231806,1.31622746185853,6.13254444471353,5.4002929112178,2.33877238761212,3.25567073749099
"Tennessee","cluster_2","2018-2021","Heat effect","Relative scale",-0.0383195684715549,0.0953451561007754,0.00909069879188123,0.962405337340949,0.798359665496224,1.16015885242229,17.0855769230769,14.8586394557823,25.4176549865229,5.64368932038835,6.20083164085351,4.80278075677858,1.77287580982766,4.33783148748039
"Tennessee","cluster_2","2018-2021","Cold effect","Relative scale",-0.0716390798170292,0.100297454769314,0.0100595794332026,0.930866803806723,0.764737920705675,1.13308492094881,17.0855769230769,14.8586394557823,25.4176549865229,5.64368932038835,6.20083164085351,4.80278075677858,1.77287580982766,4.33783148748039
"Virginia","cluster_2","2018-2021","Heat effect","Relative scale",0.00607317519252468,0.102588665546525,0.0105244342986168,1.00609165431102,0.82283415672057,1.23016334288858,16.6370879120879,14.4201360544218,25.233423180593,5.25908460471567,5.81032386027893,4.96474252591795,2.16491853238539,3.51673985074897
"Virginia","cluster_2","2018-2021","Cold effect","Relative scale",-0.0414327549443092,0.102762676765905,0.0105601677360938,0.959413849010043,0.784391044755921,1.17348985538035,16.6370879120879,14.4201360544218,25.233423180593,5.25908460471567,5.81032386027893,4.96474252591795,2.16491853238539,3.51673985074897
"Arkansas","cluster_2","2022-2025","Heat effect","Relative scale",-0.0350341224494535,0.143914190636235,0.0207112942664825,0.965572467997699,0.728253602695248,1.28022736517147,18.5107142857143,16.372380952381,27.027358490566,6.68627450980392,6.31265464590158,4.52159664404153,1.98168300033027,4.23847416547974
"Arkansas","cluster_2","2022-2025","Cold effect","Relative scale",0.2285585734325,0.160215749642876,0.0256690864336286,1.25678713731257,0.918085921930354,1.72044235815452,18.5107142857143,16.372380952381,27.027358490566,6.68627450980392,6.31265464590158,4.52159664404153,1.98168300033027,4.23847416547974
"Georgia","cluster_2","2022-2025","Heat effect","Relative scale",0.000672220906066945,0.0828350533262741,0.00686164605956668,1.00067244689718,0.850709575011494,1.17707073646803,17.8773351648352,16.1802721088435,25.1040431266846,7.83398058252427,5.50442501193492,4.1629030845853,1.70665621358214,3.79743027015403
"Georgia","cluster_2","2022-2025","Cold effect","Relative scale",0.241458936772508,0.0844426003634062,0.00713055275613393,1.2731051760367,1.07891018107178,1.50225367939465,17.8773351648352,16.1802721088435,25.1040431266846,7.83398058252427,5.50442501193492,4.1629030845853,1.70665621358214,3.79743027015403
"Maryland","cluster_2","2022-2025","Heat effect","Relative scale",-0.0371850384182481,0.104170685615613,0.0108515317416268,0.963497834738005,0.785559102506277,1.18174186332136,15.3850274725275,12.1299319727891,24.2144204851752,2.9253814147018,5.97648664589177,5.17034872909112,2.17227471455673,3.25611311799978
"Maryland","cluster_2","2022-2025","Cold effect","Relative scale",0.117015442915059,0.125324409539649,0.0157062076264617,1.12413678950545,0.879307687590419,1.43713462233284,15.3850274725275,12.1299319727891,24.2144204851752,2.9253814147018,5.97648664589177,5.17034872909112,2.17227471455673,3.25611311799978
"New Jersey","cluster_2","2022-2025","Heat effect","Relative scale",-0.101428610223757,0.105548087132233,0.0111403986972734,0.903545680963805,0.734692774520359,1.11120569835647,14.9998626373626,11.0963265306122,24.028167115903,2.2502080443828,5.92682359650553,5.22549113184221,2.35719147139905,3.27202290790799
"New Jersey","cluster_2","2022-2025","Cold effect","Relative scale",0.202671174030472,0.119346583073844,0.0142436068914018,1.22466969882954,0.969235048112831,1.54742224205725,14.9998626373626,11.0963265306122,24.028167115903,2.2502080443828,5.92682359650553,5.22549113184221,2.35719147139905,3.27202290790799
"North Carolina","cluster_2","2022-2025","Heat effect","Relative scale",0.00421509143340336,0.0711461950990647,0.00506178107707418,1.00422398742605,0.873513712701317,1.15449340091436,17.3865384615385,15.8899319727891,25.3702156334232,7.06421636615811,5.46029486380499,4.57137702744358,2.02038697514785,3.67444909144158
"North Carolina","cluster_2","2022-2025","Cold effect","Relative scale",0.176872081653178,0.0828800305639769,0.00686909946628574,1.19347841557633,1.01453179641355,1.40398825692986,17.3865384615385,15.8899319727891,25.3702156334232,7.06421636615811,5.46029486380499,4.57137702744358,2.02038697514785,3.67444909144158
"Oklahoma","cluster_2","2022-2025","Heat effect","Relative scale",-0.129846070205915,0.13035801811267,0.0169932128862632,0.878230606372927,0.680214026346316,1.13389164012545,18.1679945054945,15.7179591836735,27.4983827493261,5.06726768377254,6.79418406958175,4.87907702099598,2.56900817362091,4.38749707424432
"Oklahoma","cluster_2","2022-2025","Cold effect","Relative scale",0.391592190035988,0.162586114398344,0.0264342445951513,1.47933430110419,1.0756481453666,2.03452214727481,18.1679945054945,15.7179591836735,27.4983827493261,5.06726768377254,6.79418406958175,4.87907702099598,2.56900817362091,4.38749707424432
"Pennsylvania","cluster_2","2022-2025","Heat effect","Relative scale",0.0998628538491784,0.073482784960552,0.00539971968555873,1.10501935853138,0.956797599499227,1.27620280754067,14.1256868131868,10.7590476190476,23.5156334231806,1.31622746185853,6.13254444471353,5.4002929112178,2.33877238761212,3.25567073749099
"Pennsylvania","cluster_2","2022-2025","Cold effect","Relative scale",0.186111872740234,0.0882943733034903,0.0077958963570561,1.20455700993356,1.01314048832517,1.43213858976129,14.1256868131868,10.7590476190476,23.5156334231806,1.31622746185853,6.13254444471353,5.4002929112178,2.33877238761212,3.25567073749099
"South Carolina","cluster_2","2022-2025","Heat effect","Relative scale",-0.184408853224751,0.110128921477373,0.0121283793457694,0.831595733714609,0.670144753910238,1.03194341266897,19.0542582417582,17.9066666666667,26.5377358490566,9.2875173370319,5.40734604418471,4.20788957097842,1.90022369782238,3.59688389414306
"South Carolina","cluster_2","2022-2025","Cold effect","Relative scale",0.153174982074643,0.128439516829248,0.0164967094833307,1.16552890776661,0.906135458963241,1.49917721616801,19.0542582417582,17.9066666666667,26.5377358490566,9.2875173370319,5.40734604418471,4.20788957097842,1.90022369782238,3.59688389414306
"Tennessee","cluster_2","2022-2025","Heat effect","Relative scale",0.148740693709743,0.102859300405155,0.010580035679838,1.16037205842036,0.948509441911782,1.41955710134927,17.0855769230769,14.8586394557823,25.4176549865229,5.64368932038835,6.20083164085351,4.80278075677858,1.77287580982766,4.33783148748039
"Tennessee","cluster_2","2022-2025","Cold effect","Relative scale",0.145704785237856,0.107585769805443,0.0115746978646297,1.15685461707427,0.936914430661089,1.42842565046386,17.0855769230769,14.8586394557823,25.4176549865229,5.64368932038835,6.20083164085351,4.80278075677858,1.77287580982766,4.33783148748039
"Virginia","cluster_2","2022-2025","Heat effect","Relative scale",0.0521337723989247,0.0918629181806893,0.00843879573667202,1.05351666453894,0.879925928479255,1.26135317364661,16.6370879120879,14.4201360544218,25.233423180593,5.25908460471567,5.81032386027893,4.96474252591795,2.16491853238539,3.51673985074897
"Virginia","cluster_2","2022-2025","Cold effect","Relative scale",0.205928073085292,0.121937658593798,0.0148687925833377,1.2286648267468,0.96747108797126,1.56037454271666,16.6370879120879,14.4201360544218,25.233423180593,5.25908460471567,5.81032386027893,4.96474252591795,2.16491853238539,3.51673985074897
"Colorado","cluster_3","2018-2021","Heat effect","Relative scale",0.0352337120666773,0.130032946288817,0.0169085671205504,1.03586177390773,0.802815092300624,1.33655884765238,11.5337912087912,7.69034013605442,22.4411051212938,-1.89195561719834,7.787368936312,5.59591564976932,3.01621835894623,3.83000969572133
"Colorado","cluster_3","2018-2021","Cold effect","Relative scale",0.0810784798829857,0.119901190810705,0.014376295557825,1.08445600120729,0.857333871898936,1.37174659383241,11.5337912087912,7.69034013605442,22.4411051212938,-1.89195561719834,7.787368936312,5.59591564976932,3.01621835894623,3.83000969572133
"Connecticut","cluster_3","2018-2021","Heat effect","Relative scale",0.0173567864348354,0.19732237559063,0.0389361199087297,1.01750829072575,0.691152303156829,1.49796668110172,13.0656593406593,8.94108843537415,22.2995956873315,0.0547850208044378,5.93070697270401,5.37591096848923,2.53624950376987,3.33877572737262
"Connecticut","cluster_3","2018-2021","Cold effect","Relative scale",-0.0340826407913436,0.201793909745628,0.0407207820104266,0.966491629703983,0.650770193876277,1.43538545415534,13.0656593406593,8.94108843537415,22.2995956873315,0.0547850208044378,5.93070697270401,5.37591096848923,2.53624950376987,3.33877572737262
"Massachusetts","cluster_3","2018-2021","Heat effect","Relative scale",-0.0519710831956621,0.128843309780176,0.0166005984751104,0.949356318796894,0.737489100128022,1.22208913987086,13.0050824175824,8.33755102040816,22.0490566037736,0.0441054091539528,5.84063636612999,5.41042305354212,2.80342981582148,3.25410081220955
"Massachusetts","cluster_3","2018-2021","Cold effect","Relative scale",-0.238860292838797,0.126154778531748,0.0159150281463943,0.787524897555369,0.615005751761874,1.00843847800261,13.0050824175824,8.33755102040816,22.0490566037736,0.0441054091539528,5.84063636612999,5.41042305354212,2.80342981582148,3.25410081220955
"Michigan","cluster_3","2018-2021","Heat effect","Relative scale",-0.00921883848984587,0.0963749525749253,0.00928813148381909,0.990823524721889,0.820276545035385,1.19682960957997,11.8542582417582,7.95210884353741,21.8235849056604,-2.35880721220527,6.71010563652241,6.1098560841901,2.27042509169503,4.23437943405643
"Michigan","cluster_3","2018-2021","Cold effect","Relative scale",0.00178157831332437,0.0913699030554561,0.00834845918436345,1.00178316626685,0.837525614163005,1.19825530735387,11.8542582417582,7.95210884353741,21.8235849056604,-2.35880721220527,6.71010563652241,6.1098560841901,2.27042509169503,4.23437943405643
"Nevada","cluster_3","2018-2021","Heat effect","Relative scale",-0.0790396920283649,0.189075027842653,0.0357493661537001,0.924003248154078,0.637866192919422,1.33849702661251,13.3287267080745,8.70796992481203,22.9209415584416,1.74766763848397,6.94741969928247,5.38761574868208,3.35135682002576,2.86060610712782
"Nevada","cluster_3","2018-2021","Cold effect","Relative scale",0.117017390452579,0.151154127029347,0.022847570118004,1.12413897880616,0.835901330546627,1.51176747481066,13.3287267080745,8.70796992481203,22.9209415584416,1.74766763848397,6.94741969928247,5.38761574868208,3.35135682002576,2.86060610712782
"New Mexico","cluster_3","2018-2021","Heat effect","Relative scale",0.0790183274618018,0.169874777345253,0.0288574399780994,1.08222415631044,0.775741264730854,1.50979350687011,11.5759316770186,9.37450076804915,21.5470899470899,-0.368571428571429,6.74048262255489,5.12631217623615,2.48364286068075,3.14158761316952
"New Mexico","cluster_3","2018-2021","Cold effect","Relative scale",0.501229638107344,0.266246091245845,0.0708869811036908,1.65074984815544,0.979598288806447,2.78172705314272,11.5759316770186,9.37450076804915,21.5470899470899,-0.368571428571429,6.74048262255489,5.12631217623615,2.48364286068075,3.14158761316952
"New York","cluster_3","2018-2021","Heat effect","Relative scale",-0.0210654251815688,0.126592963780705,0.0160257784787828,0.979154901086612,0.763999889696642,1.25490112400752,12.1953296703297,8.29809523809524,21.9539083557951,-1.48543689320388,6.24061441267624,5.93249872127838,2.45227986029182,3.66472427392999
"New York","cluster_3","2018-2021","Cold effect","Relative scale",-0.0886096465023257,0.123134922298901,0.0151622090895565,0.915202756453186,0.718956736952694,1.16501597713608,12.1953296703297,8.29809523809524,21.9539083557951,-1.48543689320388,6.24061441267624,5.93249872127838,2.45227986029182,3.66472427392999
"Utah","cluster_3","2018-2021","Heat effect","Relative scale",-0.0718324305002773,0.208057314615776,0.0432878461651278,0.930686837473062,0.61901562323122,1.39928292104199,12.4782674772036,9.18854314002829,24.9422740524781,-0.0226551226551228,7.76101190629331,5.30660005676488,3.8258694652905,2.87325197033816
"Utah","cluster_3","2018-2021","Cold effect","Relative scale",0.19130883722197,0.197523867483141,0.0390156782254974,1.2108333447488,0.822145458272536,1.78328223309307,12.4782674772036,9.18854314002829,24.9422740524781,-0.0226551226551228,7.76101190629331,5.30660005676488,3.8258694652905,2.87325197033816
"Colorado","cluster_3","2022-2025","Heat effect","Relative scale",0.148064650313622,0.135235313214567,0.018288589940242,1.15958786165861,0.88958825015085,1.51153526215974,11.5337912087912,7.69034013605442,22.4411051212938,-1.89195561719834,7.787368936312,5.59591564976932,3.01621835894623,3.83000969572133
"Colorado","cluster_3","2022-2025","Cold effect","Relative scale",0.105450137876771,0.141663374711212,0.0200685117345692,1.11121069581682,0.841802311660442,1.4668398903088,11.5337912087912,7.69034013605442,22.4411051212938,-1.89195561719834,7.787368936312,5.59591564976932,3.01621835894623,3.83000969572133
"Connecticut","cluster_3","2022-2025","Heat effect","Relative scale",0.202796951954003,0.171227657069758,0.0293189105455985,1.22482374492886,0.875632097834636,1.71326886011993,13.0656593406593,8.94108843537415,22.2995956873315,0.0547850208044378,5.93070697270401,5.37591096848923,2.53624950376987,3.33877572737262
"Connecticut","cluster_3","2022-2025","Cold effect","Relative scale",0.203397385360331,0.213649256247588,0.0456460046951477,1.22555939085328,0.806255042292957,1.86292890179891,13.0656593406593,8.94108843537415,22.2995956873315,0.0547850208044378,5.93070697270401,5.37591096848923,2.53624950376987,3.33877572737262
"Massachusetts","cluster_3","2022-2025","Heat effect","Relative scale",0.0121932504638057,0.121841311508744,0.0148453051901707,1.01226789120482,0.797227081782581,1.28531293903498,13.0050824175824,8.33755102040816,22.0490566037736,0.0441054091539528,5.84063636612999,5.41042305354212,2.80342981582148,3.25410081220955
"Massachusetts","cluster_3","2022-2025","Cold effect","Relative scale",0.0077970670669561,0.151603749294946,0.022983696800285,1.00782754335143,0.748752881196546,1.35654417184294,13.0050824175824,8.33755102040816,22.0490566037736,0.0441054091539528,5.84063636612999,5.41042305354212,2.80342981582148,3.25410081220955
"Michigan","cluster_3","2022-2025","Heat effect","Relative scale",0.0508065026310503,0.0739279928643164,0.00546534812894642,1.05211929127093,0.91019868932804,1.21616853116066,11.8542582417582,7.95210884353741,21.8235849056604,-2.35880721220527,6.71010563652241,6.1098560841901,2.27042509169503,4.23437943405643
"Michigan","cluster_3","2022-2025","Cold effect","Relative scale",0.0992873791766213,0.100576191801166,0.0101155703572249,1.104383630818,0.906792204813541,1.34503053460802,11.8542582417582,7.95210884353741,21.8235849056604,-2.35880721220527,6.71010563652241,6.1098560841901,2.27042509169503,4.23437943405643
"Nevada","cluster_3","2022-2025","Heat effect","Relative scale",-0.129667141630721,0.187582544524177,0.0351872110101649,0.878387760983324,0.608152911841081,1.26870239971311,13.3287267080745,8.70796992481203,22.9209415584416,1.74766763848397,6.94741969928247,5.38761574868208,3.35135682002576,2.86060610712782
"Nevada","cluster_3","2022-2025","Cold effect","Relative scale",-0.236422609533179,0.196325704598293,0.038543782286016,0.789446975607891,0.537288013347639,1.15994869011381,13.3287267080745,8.70796992481203,22.9209415584416,1.74766763848397,6.94741969928247,5.38761574868208,3.35135682002576,2.86060610712782
"New Mexico","cluster_3","2022-2025","Heat effect","Relative scale",0.110958284995147,0.196347854155108,0.0385524798313155,1.1173482956927,0.760420652150573,1.6418112926793,11.5759316770186,9.37450076804915,21.5470899470899,-0.368571428571429,6.74048262255489,5.12631217623615,2.48364286068075,3.14158761316952
"New Mexico","cluster_3","2022-2025","Cold effect","Relative scale",0.360333060961081,0.213539717576351,0.0455992109825879,1.43380688014086,0.943456721406894,2.17901057133137,11.5759316770186,9.37450076804915,21.5470899470899,-0.368571428571429,6.74048262255489,5.12631217623615,2.48364286068075,3.14158761316952
"New York","cluster_3","2022-2025","Heat effect","Relative scale",-0.0386718580076882,0.0885913350125989,0.00784842463931453,0.962066351725133,0.808713250049886,1.14449919679765,12.1953296703297,8.29809523809524,21.9539083557951,-1.48543689320388,6.24061441267624,5.93249872127838,2.45227986029182,3.66472427392999
"New York","cluster_3","2022-2025","Cold effect","Relative scale",0.0769388447819896,0.108929111096555,0.0118655512442856,1.07997602820357,0.872352046962053,1.33701551518811,12.1953296703297,8.29809523809524,21.9539083557951,-1.48543689320388,6.24061441267624,5.93249872127838,2.45227986029182,3.66472427392999
"Utah","cluster_3","2022-2025","Heat effect","Relative scale",0.081276775182681,0.175667447401069,0.0308590520764072,1.08467106505743,0.768717742495381,1.53048544912424,12.4782674772036,9.18854314002829,24.9422740524781,-0.0226551226551228,7.76101190629331,5.30660005676488,3.8258694652905,2.87325197033816
"Utah","cluster_3","2022-2025","Cold effect","Relative scale",0.168415516244447,0.195761979057539,0.0383227524445244,1.18342824215905,0.806317282889362,1.73691229750291,12.4782674772036,9.18854314002829,24.9422740524781,-0.0226551226551228,7.76101190629331,5.30660005676488,3.8258694652905,2.87325197033816
"Illinois","cluster_4","2018-2021","Heat effect","Relative scale",-0.0369843622151558,0.0796846891501559,0.00634964968495698,0.963691205226947,0.82434483053837,1.1265925431051,14.3311813186813,11.5805442176871,24.072371967655,-0.122746185852981,6.95913907470444,5.94048753602408,2.01451609515539,4.58333072293273
"Illinois","cluster_4","2018-2021","Cold effect","Relative scale",-0.0611399346343751,0.083917101825699,0.00704207997882474,0.940691595230971,0.798023323741871,1.1088656822572,14.3311813186813,11.5805442176871,24.072371967655,-0.122746185852981,6.95913907470444,5.94048753602408,2.01451609515539,4.58333072293273
"Indiana","cluster_4","2018-2021","Heat effect","Relative scale",0.152669560679126,0.0963225026551367,0.00927802451774881,1.16493997336209,0.964522089339401,1.40700265606808,14.1239010989011,11.0553741496599,23.5142857142857,0.317891816920943,6.83013214666497,5.74376793363927,2.06114878287585,4.50982597068898
"Indiana","cluster_4","2018-2021","Cold effect","Relative scale",0.131068415705858,0.101613682841462,0.0103253405406053,1.14004577568039,0.934172281063061,1.39128980488233,14.1239010989011,11.0553741496599,23.5142857142857,0.317891816920943,6.83013214666497,5.74376793363927,2.06114878287585,4.50982597068898
"Iowa","cluster_4","2018-2021","Heat effect","Relative scale",0.0015009450185494,0.141669026941427,0.0200701131945308,1.0015020720003,0.758683679667138,1.32203502869727,13.1563186813187,9.83809523809524,23.9164420485175,-3.52565880721221,7.47096853305954,6.55167769646899,2.12339350348966,5.49254045384721
"Iowa","cluster_4","2018-2021","Cold effect","Relative scale",-0.207646583620073,0.154970070885661,0.0240157228703068,0.812494134712185,0.599662715562216,1.10086337170851,13.1563186813187,9.83809523809524,23.9164420485175,-3.52565880721221,7.47096853305954,6.55167769646899,2.12339350348966,5.49254045384721
"Kansas","cluster_4","2018-2021","Heat effect","Relative scale",0.233243535509322,0.150703067863,0.0227114146633201,1.26268895148246,0.939756502186284,1.69659202621812,15.3439667128987,12.6446428571429,25.578167115903,0.45506241331484,7.18706924573701,5.82489981426679,2.27086264078705,4.53990373482044
"Kansas","cluster_4","2018-2021","Cold effect","Relative scale",0.10243240145913,0.161598667076552,0.0261141292009184,1.10786240949616,0.807105421019074,1.52069244786503,15.3439667128987,12.6446428571429,25.578167115903,0.45506241331484,7.18706924573701,5.82489981426679,2.27086264078705,4.53990373482044
"Kentucky","cluster_4","2018-2021","Heat effect","Relative scale",-0.11846885067208,0.106887352056988,0.0114249060297546,0.888279484534817,0.720386027960607,1.09530225742883,15.0473901098901,12.4674829931973,23.7322102425876,2.86712898751734,6.44649505175031,5.23411609838659,1.94061501409427,4.29490696408408
"Kentucky","cluster_4","2018-2021","Cold effect","Relative scale",-0.0556012414952542,0.113023191410355,0.0127742417965817,0.945916252846702,0.757958460221873,1.18048363380973,15.0473901098901,12.4674829931973,23.7322102425876,2.86712898751734,6.44649505175031,5.23411609838659,1.94061501409427,4.29490696408408
"Minnesota","cluster_4","2018-2021","Heat effect","Relative scale",-0.078600120654244,0.116433531187299,0.0135567671847438,0.92440950281398,0.735790504216531,1.16138075171641,10.4593406593407,6.32272108843538,21.9316711590296,-7.50124826629681,7.82615292355346,7.27189885330136,2.19592696973998,5.38055020935654
"Minnesota","cluster_4","2018-2021","Cold effect","Relative scale",0.056678335837839,0.127972609151247,0.0163769886929777,1.05831533352377,0.82353602995559,1.36002713230644,10.4593406593407,6.32272108843538,21.9316711590296,-7.50124826629681,7.82615292355346,7.27189885330136,2.19592696973998,5.38055020935654
"Missouri","cluster_4","2018-2021","Heat effect","Relative scale",0.264191428236095,0.098584109301744,0.00971882660681821,1.3023774842643,1.07354534094707,1.5799864680352,15.5491758241758,12.7138775510204,25.0353099730458,1.71608876560333,6.81740881246528,5.41937822539212,2.09081773127447,4.47674739351426
"Missouri","cluster_4","2018-2021","Cold effect","Relative scale",-0.111996170118375,0.109872157735059,0.0120718910453578,0.894047681590588,0.720834580062603,1.10888306286317,15.5491758241758,12.7138775510204,25.0353099730458,1.71608876560333,6.81740881246528,5.41937822539212,2.09081773127447,4.47674739351426
"Nebraska","cluster_4","2018-2021","Heat effect","Relative scale",-0.180158591460237,0.16641366204095,0.0276935069138795,0.835137755192242,0.602703826815201,1.1572102898915,13.905657708628,10.7009803921569,24.7425655976676,-2.0187675070028,7.35057267773366,6.4148094908119,2.26469995661822,5.05887462672835
"Nebraska","cluster_4","2018-2021","Cold effect","Relative scale",-0.0961616160060051,0.180736313829012,0.0326656151364991,0.90831720560661,0.637370097646459,1.29444438803692,13.905657708628,10.7009803921569,24.7425655976676,-2.0187675070028,7.35057267773366,6.4148094908119,2.26469995661822,5.05887462672835
"Ohio","cluster_4","2018-2021","Heat effect","Relative scale",0.0871975756240982,0.0806593835296293,0.00650593615137983,1.09111223560419,0.931559872080586,1.27799183537845,13.848489010989,10.783537414966,23.055795148248,0.576837725381415,6.67590660661803,5.62691927171467,2.09537741803505,4.25586952762815
"Ohio","cluster_4","2018-2021","Cold effect","Relative scale",-0.0203704521900525,0.083178427244121,0.00691865075880553,0.979835623811934,0.832434973915931,1.15333675274903,13.848489010989,10.783537414966,23.055795148248,0.576837725381415,6.67590660661803,5.62691927171467,2.09537741803505,4.25586952762815
"West Virginia","cluster_4","2018-2021","Heat effect","Relative scale",-0.225616065012677,0.154107953793435,0.0237492614223994,0.798024432356697,0.589979402063956,1.07943259105373,14.9124826629681,12.4608163265306,23.1748626373626,3.30429958391123,6.05757314404083,5.09383458885045,2.06640549818991,4.1794179443491
"West Virginia","cluster_4","2018-2021","Cold effect","Relative scale",-0.0627781792090518,0.15936246084666,0.0253963939271032,0.939151773974936,0.687200897376298,1.28347628463194,14.9124826629681,12.4608163265306,23.1748626373626,3.30429958391123,6.05757314404083,5.09383458885045,2.06640549818991,4.1794179443491
"Wisconsin","cluster_4","2018-2021","Heat effect","Relative scale",0.0137631419223888,0.122542627899864,0.0150166956526046,1.0138582899711,0.797382804472527,1.28910308371033,11.4218406593407,7.54081632653061,21.9549865229111,-4.54632454923717,7.1142280511482,6.37887427402457,2.20835835359491,4.92268696982438
"Wisconsin","cluster_4","2018-2021","Cold effect","Relative scale",-0.0675270997313734,0.127036718179679,0.0161383277658631,0.934702390089118,0.728681117399549,1.19897241355201,11.4218406593407,7.54081632653061,21.9549865229111,-4.54632454923717,7.1142280511482,6.37887427402457,2.20835835359491,4.92268696982438
"Illinois","cluster_4","2022-2025","Heat effect","Relative scale",0.0324168773665321,0.0626268388055833,0.00392212093878051,1.03294802821502,0.913628060182168,1.16785120279751,14.3311813186813,11.5805442176871,24.072371967655,-0.122746185852981,6.95913907470444,5.94048753602408,2.01451609515539,4.58333072293273
"Illinois","cluster_4","2022-2025","Cold effect","Relative scale",-0.0282133363853329,0.0812955719066538,0.00660897001162993,0.972180943108231,0.82898546487621,1.14011140868911,14.3311813186813,11.5805442176871,24.072371967655,-0.122746185852981,6.95913907470444,5.94048753602408,2.01451609515539,4.58333072293273
"Indiana","cluster_4","2022-2025","Heat effect","Relative scale",-0.0194331594183895,0.0810729791601112,0.00657282794989582,0.980754447195542,0.836661091935255,1.14966417700737,14.1239010989011,11.0553741496599,23.5142857142857,0.317891816920943,6.83013214666497,5.74376793363927,2.06114878287585,4.50982597068898
"Indiana","cluster_4","2022-2025","Cold effect","Relative scale",0.140935116471451,0.0975297409999548,0.00951205037951826,1.15134994191435,0.951017156716178,1.39388304341789,14.1239010989011,11.0553741496599,23.5142857142857,0.317891816920943,6.83013214666497,5.74376793363927,2.06114878287585,4.50982597068898
"Iowa","cluster_4","2022-2025","Heat effect","Relative scale",0.203915556018512,0.120916868729033,0.0146208891432341,1.22619460432975,0.96745970193697,1.5541248949978,13.1563186813187,9.83809523809524,23.9164420485175,-3.52565880721221,7.47096853305954,6.55167769646899,2.12339350348966,5.49254045384721
"Iowa","cluster_4","2022-2025","Cold effect","Relative scale",0.0471927545658634,0.160742817912658,0.025838253510502,1.04832405885487,0.765012451710016,1.43655613698498,13.1563186813187,9.83809523809524,23.9164420485175,-3.52565880721221,7.47096853305954,6.55167769646899,2.12339350348966,5.49254045384721
"Kansas","cluster_4","2022-2025","Heat effect","Relative scale",0.182249365128898,0.156265137710452,0.0244187932636664,1.19991337312884,0.883353070653483,1.62991690508112,15.3439667128987,12.6446428571429,25.578167115903,0.45506241331484,7.18706924573701,5.82489981426679,2.27086264078705,4.53990373482044
"Kansas","cluster_4","2022-2025","Cold effect","Relative scale",0.302853484951523,0.21344670145587,0.0455594943623912,1.3537161101302,0.890918745939103,2.05691856320115,15.3439667128987,12.6446428571429,25.578167115903,0.45506241331484,7.18706924573701,5.82489981426679,2.27086264078705,4.53990373482044
"Kentucky","cluster_4","2022-2025","Heat effect","Relative scale",-0.155087833396919,0.102585570522856,0.0105237992794998,0.856339958932801,0.700363669057193,1.04705334908677,15.0473901098901,12.4674829931973,23.7322102425876,2.86712898751734,6.44649505175031,5.23411609838659,1.94061501409427,4.29490696408408
"Kentucky","cluster_4","2022-2025","Cold effect","Relative scale",0.200310790202224,0.116474309203707,0.0135662647044806,1.22178241716447,0.972408927356702,1.53510753850235,15.0473901098901,12.4674829931973,23.7322102425876,2.86712898751734,6.44649505175031,5.23411609838659,1.94061501409427,4.29490696408408
"Minnesota","cluster_4","2022-2025","Heat effect","Relative scale",0.217800183913262,0.0809791120314453,0.00655761658540136,1.24333860374206,1.06086129891323,1.45720358084407,10.4593406593407,6.32272108843538,21.9316711590296,-7.50124826629681,7.82615292355346,7.27189885330136,2.19592696973998,5.38055020935654
"Minnesota","cluster_4","2022-2025","Cold effect","Relative scale",0.146164736423735,0.113938393295482,0.012981957466756,1.15738683611529,0.92574680131062,1.44698775790151,10.4593406593407,6.32272108843538,21.9316711590296,-7.50124826629681,7.82615292355346,7.27189885330136,2.19592696973998,5.38055020935654
"Missouri","cluster_4","2022-2025","Heat effect","Relative scale",0.0289351167662689,0.0906903108550987,0.00822473248299444,1.02935780424537,0.861726027375206,1.22959903205928,15.5491758241758,12.7138775510204,25.0353099730458,1.71608876560333,6.81740881246528,5.41937822539212,2.09081773127447,4.47674739351426
"Missouri","cluster_4","2022-2025","Cold effect","Relative scale",0.0948496629260494,0.108775669264048,0.0118321462238416,1.09949354805768,0.888384487010472,1.36076899123771,15.5491758241758,12.7138775510204,25.0353099730458,1.71608876560333,6.81740881246528,5.41937822539212,2.09081773127447,4.47674739351426
"Nebraska","cluster_4","2022-2025","Heat effect","Relative scale",-0.266154738336161,0.131192962893319,0.0172115935127277,0.766320539160979,0.592566043947301,0.991023995955123,13.905657708628,10.7009803921569,24.7425655976676,-2.0187675070028,7.35057267773366,6.4148094908119,2.26469995661822,5.05887462672835
"Nebraska","cluster_4","2022-2025","Cold effect","Relative scale",-0.253844742985787,0.187768629087611,0.0352570580694408,0.77581224298902,0.53693874708516,1.12095586254309,13.905657708628,10.7009803921569,24.7425655976676,-2.0187675070028,7.35057267773366,6.4148094908119,2.26469995661822,5.05887462672835
"Ohio","cluster_4","2022-2025","Heat effect","Relative scale",-0.147060061093648,0.0649168923109971,0.00421420290731759,0.86324212859296,0.760106160929581,0.980372230724151,13.848489010989,10.783537414966,23.055795148248,0.576837725381415,6.67590660661803,5.62691927171467,2.09537741803505,4.25586952762815
"Ohio","cluster_4","2022-2025","Cold effect","Relative scale",-0.0365666455511564,0.0784768211714146,0.00615861146117019,0.964093839189923,0.826643944759389,1.12439816036457,13.848489010989,10.783537414966,23.055795148248,0.576837725381415,6.67590660661803,5.62691927171467,2.09537741803505,4.25586952762815
"West Virginia","cluster_4","2022-2025","Heat effect","Relative scale",0.147500634645706,0.141568011860383,0.0200415019821014,1.15893402034202,0.878119430825431,1.52955055583222,14.9124826629681,12.4608163265306,23.1748626373626,3.30429958391123,6.05757314404083,5.09383458885045,2.06640549818991,4.1794179443491
"West Virginia","cluster_4","2022-2025","Cold effect","Relative scale",-0.0133553236227801,0.161960831748222,0.0262313110205759,0.986733463014157,0.718349863280849,1.35538819842616,14.9124826629681,12.4608163265306,23.1748626373626,3.30429958391123,6.05757314404083,5.09383458885045,2.06640549818991,4.1794179443491
